<?xml version="1.0" encoding="UTF-8"?>
<rss version="2.0" xmlns:ror="http://rorweb.com/0.1/" >
<channel>
  <title>ROR Sitemap for http://www.circlepanda.com/</title>
  <link>http://www.circlepanda.com/</link>

<item>
     <link>http://www.circlepanda.com/</link>
     <title> Circlepanda - Connecting Creative Minds, Families and Friends</title>
     <description>Connecting Creative Minds, Making Fun A Culture. Circlepanda Is Social Network, That Connects People From All Around The World, With Common Interest, Likes, And Hobbies, Giving People The Medium To Colaborate Doing Things They Love</description>
     <ror:updatePeriod></ror:updatePeriod>
     <ror:sortOrder>0</ror:sortOrder>
     <ror:resourceOf>sitemap</ror:resourceOf>
</item>
<item>
     <link>http://www.circlepanda.com/login</link>
     <title>Circlepanda - Login</title>
     <description>Join Millions of creative minded users from all around the world.</description>
     <ror:updatePeriod></ror:updatePeriod>
     <ror:sortOrder>1</ror:sortOrder>
     <ror:resourceOf>sitemap</ror:resourceOf>
</item>
<item>
     <link>http://www.circlepanda.com/join/self</link>
     <title>Circlepanda | Join Millions</title>
     <description>Join millions discover mutual interest</description>
     <ror:updatePeriod></ror:updatePeriod>
     <ror:sortOrder>1</ror:sortOrder>
     <ror:resourceOf>sitemap</ror:resourceOf>
</item>
<item>
     <link>http://www.circlepanda.com/about/</link>
     <title>About Circlepanda: Connecting creative minds</title>
     <description>Connecting Creative Minds, Making Fun A Culture. Circlepanda Is Social Network, That Connects People From All Around The World, With Common Interest, Likes, And Hobbies, Giving People The Medium To Colaborate Doing Things They Love</description>
     <ror:updatePeriod></ror:updatePeriod>
     <ror:sortOrder>1</ror:sortOrder>
     <ror:resourceOf>sitemap</ror:resourceOf>
</item>
<item>
     <link>http://www.circlepanda.com/about/blog</link>
     <title>Circlepanda</title>
     <description>Connecting Creative Minds, Making Fun A Culture. Circlepanda Is Social Network, That Connects People From All Around The World, With Common Interest, Likes, And Hobbies, Giving People The Medium To Colaborate Doing Things They Love</description>
     <ror:updatePeriod></ror:updatePeriod>
     <ror:sortOrder>1</ror:sortOrder>
     <ror:resourceOf>sitemap</ror:resourceOf>
</item>
<item>
     <link>http://www.circlepanda.com/about/career</link>
     <title>Circlepanda</title>
     <description>Connecting Creative Minds, Making Fun A Culture. Circlepanda Is Social Network, That Connects People From All Around The World, With Common Interest, Likes, And Hobbies, Giving People The Medium To Colaborate Doing Things They Love</description>
     <ror:updatePeriod></ror:updatePeriod>
     <ror:sortOrder>1</ror:sortOrder>
     <ror:resourceOf>sitemap</ror:resourceOf>
</item>
<item>
     <link>http://www.circlepanda.com/support/</link>
     <title> Circlepanda Support </title>
     <description>Go live, on circlepanda Ad</description>
     <ror:updatePeriod></ror:updatePeriod>
     <ror:sortOrder>1</ror:sortOrder>
     <ror:resourceOf>sitemap</ror:resourceOf>
</item>
<item>
     <link>http://www.circlepanda.com/ad/</link>
     <title> Circlepanda Ads </title>
     <description>Go live, on circlepanda Ad</description>
     <ror:updatePeriod></ror:updatePeriod>
     <ror:sortOrder>1</ror:sortOrder>
     <ror:resourceOf>sitemap</ror:resourceOf>
</item>
<item>
     <link>http://www.circlepanda.com/legal/privacy</link>
     <title> Circlepanda Privacy </title>
     <description>Circlepanda Privacy</description>
     <ror:updatePeriod></ror:updatePeriod>
     <ror:sortOrder>1</ror:sortOrder>
     <ror:resourceOf>sitemap</ror:resourceOf>
</item>
<item>
     <link>http://www.circlepanda.com/legal/</link>
     <title> Circlepanda Terms </title>
     <description>Circlepanda Terms of Service</description>
     <ror:updatePeriod></ror:updatePeriod>
     <ror:sortOrder>1</ror:sortOrder>
     <ror:resourceOf>sitemap</ror:resourceOf>
</item>
<item>
     <link>http://www.circlepanda.com/support/forum</link>
     <title></title>
     
     <ror:updatePeriod></ror:updatePeriod>
     <ror:sortOrder>1</ror:sortOrder>
     <ror:resourceOf>sitemap</ror:resourceOf>
</item>
<item>
     <link>http://www.circlepanda.com/about/team</link>
     <title>Circlepanda</title>
     <description>Connecting Creative Minds, Making Fun A Culture. Circlepanda Is Social Network, That Connects People From All Around The World, With Common Interest, Likes, And Hobbies, Giving People The Medium To Colaborate Doing Things They Love</description>
     <ror:updatePeriod></ror:updatePeriod>
     <ror:sortOrder>2</ror:sortOrder>
     <ror:resourceOf>sitemap</ror:resourceOf>
</item>
<item>
     <link>http://www.circlepanda.com/developer/</link>
     <title> Circlepanda Development </title>
     <description>Developement</description>
     <ror:updatePeriod></ror:updatePeriod>
     <ror:sortOrder>2</ror:sortOrder>
     <ror:resourceOf>sitemap</ror:resourceOf>
</item>
<item>
     <link>http://www.circlepanda.com/sitemap</link>
     <title> Sitemap - Circlepanda </title>
     <description>Sitemap</description>
     <ror:updatePeriod></ror:updatePeriod>
     <ror:sortOrder>2</ror:sortOrder>
     <ror:resourceOf>sitemap</ror:resourceOf>
</item>
<item>
     <link>http://www.circlepanda.com/support/feedback</link>
     <title></title>
     
     <ror:updatePeriod></ror:updatePeriod>
     <ror:sortOrder>2</ror:sortOrder>
     <ror:resourceOf>sitemap</ror:resourceOf>
</item>
<item>
     <link>http://www.circlepanda.com/legal/policy</link>
     <title> Circlepanda Policy </title>
     <description>Circlepanda Cookies</description>
     <ror:updatePeriod></ror:updatePeriod>
     <ror:sortOrder>2</ror:sortOrder>
     <ror:resourceOf>sitemap</ror:resourceOf>
</item>
<item>
     <link>http://www.circlepanda.com/legal/cookie</link>
     <title> Circlepanda Cookies </title>
     <description>Circlepanda Cookies</description>
     <ror:updatePeriod></ror:updatePeriod>
     <ror:sortOrder>2</ror:sortOrder>
     <ror:resourceOf>sitemap</ror:resourceOf>
</item>
<item>
     <link>http://www.circlepanda.com/legal/security</link>
     <title> Circlepanda Security </title>
     <description>Circlepanda Security</description>
     <ror:updatePeriod></ror:updatePeriod>
     <ror:sortOrder>2</ror:sortOrder>
     <ror:resourceOf>sitemap</ror:resourceOf>
</item>
<item>
     <link>http://www.circlepanda.com/developer/../login</link>
     <title>Circlepanda - Login</title>
     <description>Join Millions of creative minded users from all around the world.</description>
     <ror:updatePeriod></ror:updatePeriod>
     <ror:sortOrder>3</ror:sortOrder>
     <ror:resourceOf>sitemap</ror:resourceOf>
</item>
<item>
     <link>http://www.circlepanda.com/developer/doc</link>
     <title> Circlepanda Development </title>
     <description>Developement</description>
     <ror:updatePeriod></ror:updatePeriod>
     <ror:sortOrder>3</ror:sortOrder>
     <ror:resourceOf>sitemap</ror:resourceOf>
</item>
<item>
     <link>http://www.circlepanda.com/about/press</link>
     <title></title>
     
     <ror:updatePeriod></ror:updatePeriod>
     <ror:sortOrder>3</ror:sortOrder>
     <ror:resourceOf>sitemap</ror:resourceOf>
</item>
</channel>
</rss>
  